path	bytes	sha256
CHALLENGER_FINAL_LIVESTREAM_SCRIPT.txt	50607	c1e8cb4052bb0f0dff3046abb318f76700ee9f880a7a6d024c09579e903ca615
MANIFEST.tsv	3209	939a7a35712cd950236c474e80d2164e5eb868028d6b586881b5028bcd91d1d4
README.txt	1621	3336ec3840efa430f3d9cd70436c0d7de76875eec1736eb334441f1eafcd0b57
README_FINAL.txt	1182	e24ebb9941d039c121d81936956f3abcf2730347d4557bf49273c8500a7a1707
UPLOADED_IMAGE_MAP.tsv	3791	45394c6cb7261cf8b94d37c97c20d09864bb1b0e86ff2295ccce8bf3ce92c1fb
assets/css/site.css	5493	8913de6751178e9f848e308776ecc61278bd24db22705ea97a074b76a90e8409
assets/images/originals/case-exhaust-outline.png	26234	08751b261d9e4890d4505fef21d9b6f30d19126560058cd039bc7efa5f8aefda
assets/images/originals/case-exhaust-side-by-side.jpg	57812	7ae8722ff7d32e5af5b5ee9f669204395c4f62f93d99a7e3abad991f57158321
assets/images/originals/case-garage-challenger.jpg	98235	cad476637f847ba672fece392a21ab55ef2a68d8848ae743174356670d67e1d4
assets/images/originals/case-gray-challenger-rear-road-additional.jpg	237925	2e57432e8be00de06d70bce3ced2cfc2a3cb968384a7b779d8f50e0d6d00c85c
assets/images/originals/case-impounded-gray-challenger.jpg	226696	cd66b30cbe0f89f0c353735db20e2681a08added27b32035bbaf2ced690fbf80
assets/images/originals/case-impounded-rear-plate-visible.jpg	92307	cdb0017a091bcdbd2a8ee95ae2c0a97472913ed13cd6aaad824a970576c63a3e
assets/images/originals/case-rear-road-frame.jpg	51285	078a91ccb5493ee0b82c2889f573d25b25a09cd011faca9c854053bf3a5bbf05
assets/images/originals/case-rear-surveillance-01.png	83177	0478f1a3f11b76c5c0d82714e21047d8928867aa780d5a3cfa6b32e0a08e45f9
assets/images/originals/comparison-annotated-exhaust.jpg	783782	3538fc2ffee347929ea021c09b65ce34b513d7d6edb9072c01fdfb4ab2021348
assets/images/originals/comparison-known-vs-surveillance.jpg	104655	b1612bfd4a64a775376266372e869ab08e6472428df88c3f5263042c2b2d6da7
assets/images/originals/reference-black-challenger-rear.png	312908	e912f360ddee6f46430cd0265caac36d6c18156869e08619d3e22a24ffc03a4c
assets/images/originals/reference-blue-modified-rear.png	969845	51414224b72141c5944dcb2bed3a673b35438ecc7060ac041ac255b4e175bdf9
assets/images/originals/reference-dual-rectangular-pair.jpg	67150	1f67bbb46f163fdb6b053cb015d729414f01733dbed827a9a54c0bfcb4aabd2a
assets/images/originals/reference-front-lower-bumper.png	278846	b50e0d9c9d50b9262240e68ad1d8d1331cb2f162d7853a54b9f62f9c77e4a2f0
assets/images/originals/reference-modern-quad-round.jpg	117638	72fff43fe843b42bf79bd779476be5fa69d472da68677fc73c5570305fa9101f
assets/images/originals/reference-red-challenger-3q.jpg	481845	db3c4ce7ab6e59ff44c4aeccc40b92d87606f6c6b2ebda9f911422f7dd5c4d23
assets/images/originals/reference-red-challenger-rear.jpg	582495	ae456ec385940eace58807896ef0f0164f9527ad2e432f1f9e24bc9456ffb7ca
assets/images/originals/reference-red-challenger-wide.jpg	492573	64f46272fe08795ffccf4bc85276680eb32c858f3786b70b8762fc5a1975ca57
assets/images/originals/reference-red-ta-rear.jpg	46395	3b1e723b7ad286bb13400d9966dd9fdf6fbca240b7e788f42dc3708c80b92819
assets/images/originals/reference-single-rectangular-tip-additional.jpg	202287	181e80bc9a64f0c0f3cd21d41a06560ad2e0208abd7ee5f872b11d1ba61f1347
assets/images/originals/reference-single-rectangular-tip.jpg	202287	181e80bc9a64f0c0f3cd21d41a06560ad2e0208abd7ee5f872b11d1ba61f1347
assets/images/originals/reference-underbody-dual-exhaust.jpg	118346	3bc0828413eddaab8f716f6fa10ca3e650829ebedc094f7125b2b06e467e5452
assets/images/originals/reference-white-redline-rear.png	585050	c0ca69bbd0fc2597e95b6eb8dd14872c0260e8ad21cafbd10d9f99467585a2b4
assets/images/thumbs/case-exhaust-outline.jpg	6382	fef636734b93dd08e60997abe1b800b0d0527c9c696ac82038611186bac30283
assets/images/thumbs/case-exhaust-side-by-side.jpg	14035	3019f5cd37f31a9ef5ab36205d383514512ac90808729008a487941865e79cc0
assets/images/thumbs/case-garage-challenger.jpg	15471	4173c74a36673452eaf7e6a67e5124eab44bb9d1545aa790bccb673039f9825c
assets/images/thumbs/case-gray-challenger-rear-road-additional.jpg	24966	276b3d63f981dbea1b5113128122b793137e1a55eb69836fccb8ee0013ecc25c
assets/images/thumbs/case-impounded-gray-challenger.jpg	20635	3c7e79660cfe6a078bdda7c87f9f15ce0e55802ca37f2e9a41d7714eff4d6284
assets/images/thumbs/case-impounded-rear-plate-visible.jpg	9889	b0bb19c222cbbc333a50dede74dfa1486b4cd4a5adcf6bf40f33f37da1ed6c99
assets/images/thumbs/case-rear-road-frame.jpg	9902	3ea801996fde30dc5219262587cc3b3b8304d0a287a3ea02c41ca64e01a8b1b3
assets/images/thumbs/case-rear-surveillance-01.jpg	12317	72a024393f8912049b7a33a98d4cf9afdcb9fd643b0dae0923534971a003068b
assets/images/thumbs/comparison-annotated-exhaust.jpg	14851	fd93e7de7970c256e1a49fbd11c9d1b340ee5d470cb78024505553d79b9e8168
assets/images/thumbs/comparison-known-vs-surveillance.jpg	18942	40d90aeee38bb137579ae39a568a86fd5ffb99bc56b56d988aaea6f6978b588b
assets/images/thumbs/reference-black-challenger-rear.jpg	20648	61e51321b03b835ec813fe32b235e6e16e994cfcea573699a3a6194b09ef8d36
assets/images/thumbs/reference-blue-modified-rear.jpg	42256	d480bf8c787c26f0768ea7a61022f5211709bcf578277d231e9e52fca1066698
assets/images/thumbs/reference-dual-rectangular-pair.jpg	11516	7e2a099ef2910753687f1f732e7cc7ecad27e4218260791a2a71d799020e23d9
assets/images/thumbs/reference-front-lower-bumper.jpg	25209	ccb24b7147ae0923833cc9124bd32f694b7702ec96859220256ad2ca63889252
assets/images/thumbs/reference-modern-quad-round.jpg	29504	f7dcd7ff8d5557db0eaa011e8c79415d9d7ed55f9d1b1eb9e3fe3f9feb587781
assets/images/thumbs/reference-red-challenger-3q.jpg	33397	4b1ced06b41184057f2e893e5b269a406655b9ba1757d8ee9ef3125a04107f22
assets/images/thumbs/reference-red-challenger-rear.jpg	25930	e9ff0a5539c8f53488172c06afc45a05f5c319da126ac5f7deb8be4ce7951c60
assets/images/thumbs/reference-red-challenger-wide.jpg	29344	5cd106d128241027dca71adb5814987c3499177dd6e7d9b6e5c4487efafa9ddc
assets/images/thumbs/reference-red-ta-rear.jpg	30955	37b043fe9db52a9b90cedd13b8cd1cd353e34021bdd0c0da3bb213fd721357bf
assets/images/thumbs/reference-single-rectangular-tip-additional.jpg	16646	72b8f94785bed0c230da7b33bf0021c94015acfdb7ee9b0c31df180333f7c8eb
assets/images/thumbs/reference-single-rectangular-tip.jpg	10517	bf268a8028287f787c22788e0c2ab2cb526bd9d36260513feb8be4e6e8ef3c44
assets/images/thumbs/reference-underbody-dual-exhaust.jpg	29920	4b213534e9068ae7caf04ca9d525a46021044d14d897f0419e4d06e7600c5a5f
assets/images/thumbs/reference-white-redline-rear.jpg	22975	fee28898af4014bb6409918740fbc983899b8187d61d86a9178e5180bafd5a81
assets/js/gallery.js	3409	ee8dfbdd072ffc9be730a39a44ef2f1f108d28f3817ed63840370b7509892d8f
docs/3213501_vehicle_warrant_HIGHLIGHTED_EXCERPTS.pdf	3506	5ce432a4715a1f80103e361e0b10ac9d5592a7421d19865b2374e7c94fcadf4a
docs/3214771_infotainment_warrant_HIGHLIGHTED_EXCERPTS.pdf	4549	876b55c8756854b70f1c8618fa0c2b87ff41781b5beb3c2d3b80fc6985911b27
gallery.html	16652	f1cc404d12cb30e26c7b11cab8615cba6e3e9702fb6fcf481abe40e0fb7735b3
index.html	47090	83881d5b3fdfe6837df460bbd582319787641bd779a6345549067c240c9a857e
