path	bytes
README.txt	1621
UPLOADED_IMAGE_MAP.tsv	3276
assets/css/site.css	5493
assets/images/originals/case-exhaust-outline.png	26234
assets/images/originals/case-exhaust-side-by-side.jpg	57812
assets/images/originals/case-garage-challenger.jpg	98235
assets/images/originals/case-impounded-gray-challenger.jpg	226696
assets/images/originals/case-rear-road-frame.jpg	51285
assets/images/originals/case-rear-surveillance-01.png	83177
assets/images/originals/comparison-annotated-exhaust.jpg	783782
assets/images/originals/comparison-known-vs-surveillance.jpg	104655
assets/images/originals/reference-black-challenger-rear.png	312908
assets/images/originals/reference-blue-modified-rear.png	969845
assets/images/originals/reference-dual-rectangular-pair.jpg	67150
assets/images/originals/reference-front-lower-bumper.png	278846
assets/images/originals/reference-modern-quad-round.jpg	117638
assets/images/originals/reference-red-challenger-3q.jpg	481845
assets/images/originals/reference-red-challenger-rear.jpg	582495
assets/images/originals/reference-red-challenger-wide.jpg	492573
assets/images/originals/reference-red-ta-rear.jpg	46395
assets/images/originals/reference-single-rectangular-tip.jpg	202287
assets/images/originals/reference-underbody-dual-exhaust.jpg	118346
assets/images/originals/reference-white-redline-rear.png	585050
assets/images/thumbs/case-exhaust-outline.jpg	6382
assets/images/thumbs/case-exhaust-side-by-side.jpg	14035
assets/images/thumbs/case-garage-challenger.jpg	15471
assets/images/thumbs/case-impounded-gray-challenger.jpg	20635
assets/images/thumbs/case-rear-road-frame.jpg	9902
assets/images/thumbs/case-rear-surveillance-01.jpg	12317
assets/images/thumbs/comparison-annotated-exhaust.jpg	14851
assets/images/thumbs/comparison-known-vs-surveillance.jpg	18942
assets/images/thumbs/reference-black-challenger-rear.jpg	20648
assets/images/thumbs/reference-blue-modified-rear.jpg	42256
assets/images/thumbs/reference-dual-rectangular-pair.jpg	11516
assets/images/thumbs/reference-front-lower-bumper.jpg	25209
assets/images/thumbs/reference-modern-quad-round.jpg	29504
assets/images/thumbs/reference-red-challenger-3q.jpg	33397
assets/images/thumbs/reference-red-challenger-rear.jpg	25930
assets/images/thumbs/reference-red-challenger-wide.jpg	29344
assets/images/thumbs/reference-red-ta-rear.jpg	30955
assets/images/thumbs/reference-single-rectangular-tip.jpg	10517
assets/images/thumbs/reference-underbody-dual-exhaust.jpg	29920
assets/images/thumbs/reference-white-redline-rear.jpg	22975
assets/js/gallery.js	3409
docs/3213501_vehicle_warrant_HIGHLIGHTED_EXCERPTS.pdf	3506
docs/3214771_infotainment_warrant_HIGHLIGHTED_EXCERPTS.pdf	4549
gallery.html	14880
index.html	46486
