uploaded_filename	bundled_path	sha256_match	sha256
1A894F42-84BC-42F9-9A4A-1DB6D1FD52A2(1).jpg	assets/images/originals/case-exhaust-side-by-side.jpg	true	7ae8722ff7d32e5af5b5ee9f669204395c4f62f93d99a7e3abad991f57158321
002(1).jpg	assets/images/originals/reference-underbody-dual-exhaust.jpg	true	3bc0828413eddaab8f716f6fa10ca3e650829ebedc094f7125b2b06e467e5452
6BD10230-8741-44A3-B36F-B610F3168D36(1).png	assets/images/originals/case-rear-surveillance-01.png	true	0478f1a3f11b76c5c0d82714e21047d8928867aa780d5a3cfa6b32e0a08e45f9
7D29B637-CC91-491C-8D67-CCEC05101E2E(1).png	assets/images/originals/case-exhaust-outline.png	true	08751b261d9e4890d4505fef21d9b6f30d19126560058cd039bc7efa5f8aefda
9D2759D4-4D9A-411F-A714-33C700B35FBF(1).jpg	assets/images/originals/case-garage-challenger.jpg	true	cad476637f847ba672fece392a21ab55ef2a68d8848ae743174356670d67e1d4
9F41E42B-7F96-4EEE-8738-D6313D5599B7(1).jpg	assets/images/originals/case-rear-road-frame.jpg	true	078a91ccb5493ee0b82c2889f573d25b25a09cd011faca9c854053bf3a5bbf05
877F879B-0E60-44D8-B342-BBD08E004EA1(1).jpg	assets/images/originals/reference-single-rectangular-tip.jpg	true	181e80bc9a64f0c0f3cd21d41a06560ad2e0208abd7ee5f872b11d1ba61f1347
17988(1).jpeg	assets/images/originals/reference-modern-quad-round.jpg	true	72fff43fe843b42bf79bd779476be5fa69d472da68677fc73c5570305fa9101f
3566433C-0CCD-47D1-914C-A0F5376DD57D(1).jpg	assets/images/originals/reference-dual-rectangular-pair.jpg	true	1f67bbb46f163fdb6b053cb015d729414f01733dbed827a9a54c0bfcb4aabd2a
A9E2BEF0-3498-457F-A528-620EB584E358(1).jpg	assets/images/originals/comparison-annotated-exhaust.jpg	true	3538fc2ffee347929ea021c09b65ce34b513d7d6edb9072c01fdfb4ab2021348
BF88B7BA-6B5E-409C-B936-D662006EADDC(1).jpg	assets/images/originals/reference-red-challenger-3q.jpg	true	db3c4ce7ab6e59ff44c4aeccc40b92d87606f6c6b2ebda9f911422f7dd5c4d23
C424FDCC-61B4-468A-8107-F6E84EAF403C(1).jpg	assets/images/originals/reference-red-challenger-rear.jpg	true	ae456ec385940eace58807896ef0f0164f9527ad2e432f1f9e24bc9456ffb7ca
FAA36727-D79A-40D5-8D8C-90878018C96A(1).jpg	assets/images/originals/reference-red-challenger-wide.jpg	true	64f46272fe08795ffccf4bc85276680eb32c858f3786b70b8762fc5a1975ca57
HNI2c93XUAA-43Q(1).jpg	assets/images/originals/case-impounded-gray-challenger.jpg	true	cd66b30cbe0f89f0c353735db20e2681a08added27b32035bbaf2ced690fbf80
images(20260926-150114).jpg	assets/images/originals/reference-red-ta-rear.jpg	true	3b1e723b7ad286bb13400d9966dd9fdf6fbca240b7e788f42dc3708c80b92819
IMG_4244(1).JPG	assets/images/originals/comparison-known-vs-surveillance.jpg	true	b1612bfd4a64a775376266372e869ab08e6472428df88c3f5263042c2b2d6da7
IMG_4276(1).PNG	assets/images/originals/reference-front-lower-bumper.png	true	b50e0d9c9d50b9262240e68ad1d8d1331cb2f162d7853a54b9f62f9c77e4a2f0
Screenshot 2026-09-24 223627(1).png	assets/images/originals/reference-white-redline-rear.png	true	c0ca69bbd0fc2597e95b6eb8dd14872c0260e8ad21cafbd10d9f99467585a2b4
Screenshot 2026-09-24 223852(1).png	assets/images/originals/reference-black-challenger-rear.png	true	e912f360ddee6f46430cd0265caac36d6c18156869e08619d3e22a24ffc03a4c
Screenshot 2026-09-24 224829(1).png	assets/images/originals/reference-blue-modified-rear.png	true	51414224b72141c5944dcb2bed3a673b35438ecc7060ac041ac255b4e175bdf9
6D423A1B-B138-4982-BD6C-5CA319D886F0(1).jpg	assets/images/originals/case-impounded-rear-plate-visible.jpg	true	cdb0017a091bcdbd2a8ee95ae2c0a97472913ed13cd6aaad824a970576c63a3e
877F879B-0E60-44D8-B342-BBD08E004EA1(2).jpg	assets/images/originals/reference-single-rectangular-tip-additional.jpg	true	181e80bc9a64f0c0f3cd21d41a06560ad2e0208abd7ee5f872b11d1ba61f1347
IMG_4288.JPG	assets/images/originals/case-gray-challenger-rear-road-additional.jpg	true	2e57432e8be00de06d70bce3ced2cfc2a3cb968384a7b779d8f50e0d6d00c85c
Screenshot 2026-09-26 083914(1).png	assets/images/originals/reference-exhaust-systems-comparison.png	true	55b646e037c7afe02f4371a7de1e46d1577e0a182f15192719ca1bc0268833cf
499931410_10226681274634057_8978538034802747541_n.jpg	assets/images/originals/reference-silver-challenger-quad-rectangular-garage.jpg	e8e70449554ccb8b4b6eae06e555b1c9534d1a60a8b2b26f9784f58faf62200c
500759089_10226681275394076_6376525231031038204_n.jpg	assets/images/originals/reference-silver-challenger-single-rectangular-outlets.jpg	9b855844e66d14f50620a91c59e585265597ed686aa0de5301208b5acfce6083
hqkp16uw17yg1.jpg	assets/images/originals/reference-gray-srt-quad-rectangular.jpg	bdd8f70131370e813908f03efb411a9a1c1669cc1df90f86ff0929982d8bb912
6F6E28F8-426B-4683-B9D3-248451F37FE8.jpeg	assets/images/originals/reference-blue-challenger-quad-rectangular-low-angle.jpeg	53a588ce4edbc48cbf270dd571dc4dad165f2ab30e72303b0086e3ee952b0496
d5b0bba0-c9a2-5c0f-a090-465c3a34c804.webp	assets/images/originals/utah-america-250-license-plate.webp	7e11793c1ac01fea7d38e6d74420db6d88dd95fc1026e9e90338910e8a4bd062
ac400786-b99f-5aa7-bd43-ffe8fe3ea03e.webp	assets/images/originals/utah-off-highway-vehicle-plate.webp	c71213b9e71168849fd7524f7c15f41f32203bd5e046b7c849b9076aab7eccb4
b90d57a1-495a-5dd8-89c7-86b7836a9439.webp	assets/images/originals/utah-in-god-we-trust-united-we-stand-plate.webp	aeca61f5b950a9dc95247269d1cf6b044fd538514b9d3bc581b7ca8e18e2e3ac
b2eff0df-7dd9-5029-b931-b706f1894c0d.webp	assets/images/originals/utah-life-elevated-skier-plate.webp	880605a07abe74ae10158fba41ee6b45a929101f0bb2a786ebaa28708ac152de
9ba2cf67-a94e-5fdd-b229-a1491a1d8ed3.webp	assets/images/originals/utah-life-elevated-arches-plate.webp	6544d9d95e8685fb5b5f764d76cbbc528d5d50ebbde5728ffb4372b28bd85342
d041e903-fbe3-56e7-a083-d26a08bb29e2.jpg	assets/images/originals/reference-2013-challenger-sxt-plus-window-sticker.jpg	b3b593fbcc4626f8e5caca41bb4a156279ad578a5120c863d9dd9406b3a1e8f3
